timestamp,page_size,version,request_no,status,rows_returned,sql_statements,latency_ms
2026-09-25T16:49:18.837,10,naive,1,200,10,12,9.932
2026-09-25T16:49:18.842,10,fixed,1,200,10,2,4.753
2026-09-25T16:49:18.852,10,naive,2,200,10,12,9.914
2026-09-25T16:49:18.857,10,fixed,2,200,10,2,4.411
2026-09-25T16:49:18.867,10,naive,3,200,10,12,9.878
2026-09-25T16:49:18.871,10,fixed,3,200,10,2,4.367
2026-09-25T16:49:18.881,10,naive,4,200,10,12,9.53
2026-09-25T16:49:18.885,10,fixed,4,200,10,2,4.662
2026-09-25T16:49:18.895,10,naive,5,200,10,12,9.78
2026-09-25T16:49:18.900,10,fixed,5,200,10,2,4.614
2026-09-25T16:49:18.910,10,naive,6,200,10,12,10.14
2026-09-25T16:49:18.915,10,fixed,6,200,10,2,4.575
2026-09-25T16:49:18.924,10,naive,7,200,10,12,9.562
2026-09-25T16:49:18.929,10,fixed,7,200,10,2,4.306
2026-09-25T16:49:18.938,10,naive,8,200,10,12,9.806
2026-09-25T16:49:18.943,10,fixed,8,200,10,2,4.48
2026-09-25T16:49:18.953,10,naive,9,200,10,12,9.783
2026-09-25T16:49:18.958,10,fixed,9,200,10,2,4.842
2026-09-25T16:49:18.968,10,naive,10,200,10,12,10.249
2026-09-25T16:49:18.973,10,fixed,10,200,10,2,4.549
2026-09-25T16:49:18.983,10,naive,11,200,10,12,10.077
2026-09-25T16:49:18.987,10,fixed,11,200,10,2,4.611
2026-09-25T16:49:18.997,10,naive,12,200,10,12,9.972
2026-09-25T16:49:19.003,10,fixed,12,200,10,2,5.205
2026-09-25T16:49:19.013,10,naive,13,200,10,12,10.214
2026-09-25T16:49:19.018,10,fixed,13,200,10,2,4.877
2026-09-25T16:49:19.029,10,naive,14,200,10,12,10.81
2026-09-25T16:49:19.034,10,fixed,14,200,10,2,5.603
2026-09-25T16:49:19.045,10,naive,15,200,10,12,10.443
2026-09-25T16:49:19.050,10,fixed,15,200,10,2,4.966
2026-09-25T16:49:19.060,10,naive,16,200,10,12,10.597
2026-09-25T16:49:19.065,10,fixed,16,200,10,2,4.688
2026-09-25T16:49:19.075,10,naive,17,200,10,12,9.703
2026-09-25T16:49:19.079,10,fixed,17,200,10,2,4.433
2026-09-25T16:49:19.089,10,naive,18,200,10,12,9.681
2026-09-25T16:49:19.094,10,fixed,18,200,10,2,4.339
2026-09-25T16:49:19.104,10,naive,19,200,10,12,10.057
2026-09-25T16:49:19.108,10,fixed,19,200,10,2,4.382
2026-09-25T16:49:19.118,10,naive,20,200,10,12,10.132
2026-09-25T16:49:19.123,10,fixed,20,200,10,2,4.466
2026-09-25T16:49:19.132,10,naive,21,200,10,12,9.436
2026-09-25T16:49:19.137,10,fixed,21,200,10,2,4.737
2026-09-25T16:49:19.147,10,naive,22,200,10,12,10.23
2026-09-25T16:49:19.152,10,fixed,22,200,10,2,5.123
2026-09-25T16:49:19.162,10,naive,23,200,10,12,9.949
2026-09-25T16:49:19.167,10,fixed,23,200,10,2,4.487
2026-09-25T16:49:19.176,10,naive,24,200,10,12,9.281
2026-09-25T16:49:19.181,10,fixed,24,200,10,2,4.212
2026-09-25T16:49:19.190,10,naive,25,200,10,12,9.471
2026-09-25T16:49:19.195,10,fixed,25,200,10,2,4.498
2026-09-25T16:49:19.204,10,naive,26,200,10,12,9.814
2026-09-25T16:49:19.209,10,fixed,26,200,10,2,4.229
2026-09-25T16:49:19.218,10,naive,27,200,10,12,9.652
2026-09-25T16:49:19.223,10,fixed,27,200,10,2,4.305
2026-09-25T16:49:19.232,10,naive,28,200,10,12,9.629
2026-09-25T16:49:19.237,10,fixed,28,200,10,2,4.265
2026-09-25T16:49:19.247,10,naive,29,200,10,12,10.322
2026-09-25T16:49:19.252,10,fixed,29,200,10,2,4.841
2026-09-25T16:49:19.262,10,naive,30,200,10,12,9.592
2026-09-25T16:49:19.266,10,fixed,30,200,10,2,4.758
2026-09-25T16:49:19.319,50,naive,1,200,50,52,52.251
2026-09-25T16:49:19.326,50,fixed,1,200,50,2,6.642
2026-09-25T16:49:19.358,50,naive,2,200,50,52,32.768
2026-09-25T16:49:19.365,50,fixed,2,200,50,2,6.27
2026-09-25T16:49:19.397,50,naive,3,200,50,52,31.984
2026-09-25T16:49:19.403,50,fixed,3,200,50,2,5.993
2026-09-25T16:49:19.435,50,naive,4,200,50,52,32.169
2026-09-25T16:49:19.442,50,fixed,4,200,50,2,6.064
2026-09-25T16:49:19.474,50,naive,5,200,50,52,32.298
2026-09-25T16:49:19.480,50,fixed,5,200,50,2,5.917
2026-09-25T16:49:19.512,50,naive,6,200,50,52,31.886
2026-09-25T16:49:19.518,50,fixed,6,200,50,2,6.001
2026-09-25T16:49:19.553,50,naive,7,200,50,52,35.254
2026-09-25T16:49:19.560,50,fixed,7,200,50,2,6.771
2026-09-25T16:49:19.594,50,naive,8,200,50,52,33.866
2026-09-25T16:49:19.602,50,fixed,8,200,50,2,7.331
2026-09-25T16:49:19.635,50,naive,9,200,50,52,32.611
2026-09-25T16:49:19.641,50,fixed,9,200,50,2,5.838
2026-09-25T16:49:19.673,50,naive,10,200,50,52,32.361
2026-09-25T16:49:19.679,50,fixed,10,200,50,2,5.927
2026-09-25T16:49:19.711,50,naive,11,200,50,52,31.885
2026-09-25T16:49:19.717,50,fixed,11,200,50,2,6.195
2026-09-25T16:49:19.761,50,naive,12,200,50,52,43.491
2026-09-25T16:49:19.769,50,fixed,12,200,50,2,7.548
2026-09-25T16:49:19.806,50,naive,13,200,50,52,37.395
2026-09-25T16:49:19.813,50,fixed,13,200,50,2,6.937
2026-09-25T16:49:19.846,50,naive,14,200,50,52,32.865
2026-09-25T16:49:19.853,50,fixed,14,200,50,2,6.421
2026-09-25T16:49:19.886,50,naive,15,200,50,52,33.068
2026-09-25T16:49:19.892,50,fixed,15,200,50,2,6.326
2026-09-25T16:49:19.925,50,naive,16,200,50,52,32.448
2026-09-25T16:49:19.931,50,fixed,16,200,50,2,6.241
2026-09-25T16:49:19.964,50,naive,17,200,50,52,32.366
2026-09-25T16:49:19.970,50,fixed,17,200,50,2,6.299
2026-09-25T16:49:20.003,50,naive,18,200,50,52,32.427
2026-09-25T16:49:20.009,50,fixed,18,200,50,2,6.122
2026-09-25T16:49:20.042,50,naive,19,200,50,52,32.564
2026-09-25T16:49:20.049,50,fixed,19,200,50,2,6.85
2026-09-25T16:49:20.081,50,naive,20,200,50,52,32.533
2026-09-25T16:49:20.088,50,fixed,20,200,50,2,6.339
2026-09-25T16:49:20.120,50,naive,21,200,50,52,32.28
2026-09-25T16:49:20.127,50,fixed,21,200,50,2,6.453
2026-09-25T16:49:20.159,50,naive,22,200,50,52,32.453
2026-09-25T16:49:20.166,50,fixed,22,200,50,2,6.03
2026-09-25T16:49:20.198,50,naive,23,200,50,52,32.248
2026-09-25T16:49:20.204,50,fixed,23,200,50,2,6.239
2026-09-25T16:49:20.240,50,naive,24,200,50,52,35.31
2026-09-25T16:49:20.246,50,fixed,24,200,50,2,6.297
2026-09-25T16:49:20.279,50,naive,25,200,50,52,32.371
2026-09-25T16:49:20.285,50,fixed,25,200,50,2,6.072
2026-09-25T16:49:20.316,50,naive,26,200,50,52,31.397
2026-09-25T16:49:20.323,50,fixed,26,200,50,2,6.075
2026-09-25T16:49:20.355,50,naive,27,200,50,52,31.886
2026-09-25T16:49:20.361,50,fixed,27,200,50,2,6.095
2026-09-25T16:49:20.393,50,naive,28,200,50,52,31.767
2026-09-25T16:49:20.399,50,fixed,28,200,50,2,6.072
2026-09-25T16:49:20.431,50,naive,29,200,50,52,31.904
2026-09-25T16:49:20.437,50,fixed,29,200,50,2,6.274
2026-09-25T16:49:20.470,50,naive,30,200,50,52,33.087
2026-09-25T16:49:20.477,50,fixed,30,200,50,2,6.183
2026-09-25T16:49:20.592,200,naive,1,200,200,202,114.949
2026-09-25T16:49:20.604,200,fixed,1,200,200,2,11.476
2026-09-25T16:49:20.716,200,naive,2,200,200,202,112.055
2026-09-25T16:49:20.728,200,fixed,2,200,200,2,11.655
2026-09-25T16:49:20.844,200,naive,3,200,200,202,115.101
2026-09-25T16:49:20.856,200,fixed,3,200,200,2,11.238
2026-09-25T16:49:20.967,200,naive,4,200,200,202,111.17
2026-09-25T16:49:20.979,200,fixed,4,200,200,2,11.099
2026-09-25T16:49:21.092,200,naive,5,200,200,202,112.743
2026-09-25T16:49:21.103,200,fixed,5,200,200,2,11.093
2026-09-25T16:49:21.237,200,naive,6,200,200,202,133.218
2026-09-25T16:49:21.250,200,fixed,6,200,200,2,12.24
2026-09-25T16:49:21.360,200,naive,7,200,200,202,110.457
2026-09-25T16:49:21.372,200,fixed,7,200,200,2,11.335
2026-09-25T16:49:21.483,200,naive,8,200,200,202,110.489
2026-09-25T16:49:21.495,200,fixed,8,200,200,2,11.774
2026-09-25T16:49:21.607,200,naive,9,200,200,202,111.438
2026-09-25T16:49:21.619,200,fixed,9,200,200,2,11.394
2026-09-25T16:49:21.732,200,naive,10,200,200,202,113.28
2026-09-25T16:49:21.744,200,fixed,10,200,200,2,11.253
2026-09-25T16:49:21.856,200,naive,11,200,200,202,111.229
2026-09-25T16:49:21.866,200,fixed,11,200,200,2,10.282
2026-09-25T16:49:21.978,200,naive,12,200,200,202,111.033
2026-09-25T16:49:21.989,200,fixed,12,200,200,2,10.846
2026-09-25T16:49:22.101,200,naive,13,200,200,202,111.574
2026-09-25T16:49:22.112,200,fixed,13,200,200,2,11.04
2026-09-25T16:49:22.227,200,naive,14,200,200,202,114.053
2026-09-25T16:49:22.239,200,fixed,14,200,200,2,11.453
2026-09-25T16:49:22.353,200,naive,15,200,200,202,114.087
2026-09-25T16:49:22.365,200,fixed,15,200,200,2,11.22
2026-09-25T16:49:22.498,200,naive,16,200,200,202,132.95
2026-09-25T16:49:22.510,200,fixed,16,200,200,2,11.343
2026-09-25T16:49:22.623,200,naive,17,200,200,202,112.357
2026-09-25T16:49:22.634,200,fixed,17,200,200,2,11.284
2026-09-25T16:49:22.745,200,naive,18,200,200,202,110.78
2026-09-25T16:49:22.757,200,fixed,18,200,200,2,11.261
2026-09-25T16:49:22.868,200,naive,19,200,200,202,110.821
2026-09-25T16:49:22.880,200,fixed,19,200,200,2,11.242
2026-09-25T16:49:22.991,200,naive,20,200,200,202,110.945
2026-09-25T16:49:23.003,200,fixed,20,200,200,2,11.13
2026-09-25T16:49:23.114,200,naive,21,200,200,202,110.92
2026-09-25T16:49:23.125,200,fixed,21,200,200,2,10.976
2026-09-25T16:49:23.237,200,naive,22,200,200,202,111.168
2026-09-25T16:49:23.249,200,fixed,22,200,200,2,11.363
2026-09-25T16:49:23.361,200,naive,23,200,200,202,112.274
2026-09-25T16:49:23.373,200,fixed,23,200,200,2,11.184
2026-09-25T16:49:23.485,200,naive,24,200,200,202,111.537
2026-09-25T16:49:23.496,200,fixed,24,200,200,2,11.023
2026-09-25T16:49:23.609,200,naive,25,200,200,202,112.131
2026-09-25T16:49:23.620,200,fixed,25,200,200,2,11.156
2026-09-25T16:49:23.762,200,naive,26,200,200,202,141.597
2026-09-25T16:49:23.774,200,fixed,26,200,200,2,11.187
2026-09-25T16:49:23.885,200,naive,27,200,200,202,110.541
2026-09-25T16:49:23.896,200,fixed,27,200,200,2,11.073
2026-09-25T16:49:24.008,200,naive,28,200,200,202,111.413
2026-09-25T16:49:24.020,200,fixed,28,200,200,2,11.293
2026-09-25T16:49:24.132,200,naive,29,200,200,202,111.308
2026-09-25T16:49:24.144,200,fixed,29,200,200,2,12.155
2026-09-25T16:49:24.259,200,naive,30,200,200,202,114.447
2026-09-25T16:49:24.271,200,fixed,30,200,200,2,11.576
