qid,type,config,k,context_chunks,dropped,seconds,answer
Q1,answer in one chunk,A,3,,,67.9,"The player who won the Golden Boot in the 2023-24 Premier League was Mohamed Salah, scoring 22 goals."
Q1,answer in one chunk,B,3,2023_24_premier_league#42;2023_24_efl_championship#22;2023_24_premier_league#20,,305.4,"Based on the information provided in the context, there is no specific mention of the Golden Boot winner or the number of goals scored in the 2023-24 Premier League season. The context discusses various awards and achievements for players, but does not provide details about the Golden Boot winner or the number of goals scored by the winner. To find this information, we would need to look at official league records or statistics for the 2023-24 Premier League season."
Q1,answer in one chunk,C,3,2023_24_premier_league#42;2023_24_efl_championship#22;2023_24_premier_league#20,,233.0,I cannot answer this question from the provided documents
Q2,answer needs two chunks,A,3,,,59.2,"In the 2023-24 Premier League, three clubs were relegated: Sheffield United, Norwich City, and Brighton & Hove Albion. The club that won the 2023-24 EFL Championship was Brighton & Hove Albion."
Q2,answer needs two chunks,B,3,2023_24_efl_championship#2;2023_24_efl_championship#36;2023_24_efl_championship#1,,296.7,"Based on the information provided in the context:

- The three clubs that were relegated from the 2023-24 Premier League (which is referred to as the EFL Championship in this context) were Birmingham City, Huddersfield Town, and Rotherham United.
- Leicester City won the 2023-24 EFL Championship."
Q2,answer needs two chunks,C,3,2023_24_efl_championship#2;2023_24_efl_championship#36;2023_24_efl_championship#1,,277.6,"The three clubs relegated from the 2023-24 Premier League were Birmingham City, Huddersfield Town, and Rotherham United [1] and [4]. Leicester City won the 2023-24 EFL Championship [4]."
Q3,similar information across documents,A,3,,,42.6,The defending champions at the start of the 2023-24 La Liga season were Real Madrid.
Q3,similar information across documents,B,3,2023_24_la_liga#2;2023_24_la_liga#23;2023_24_la_liga#1,,233.9,"According to the context provided, Barcelona were the defending champions at the start of the 2023-24 La Liga season. They had won their 27th title the previous season."
Q3,similar information across documents,C,3,2023_24_la_liga#2;2023_24_la_liga#23;2023_24_la_liga#1,,284.4,"Barcelona were the defending champions at the start of the 2023-24 La Liga season, as stated in [1]."
Q4,ambiguous,A,3,,,37.6,"I'm sorry, but I don't have enough information to answer who won the league title. Could you please specify which league you are referring to?"
Q4,ambiguous,B,3,2023_24_premier_league#5;2023_24_premier_league#17;2024_25_uefa_champions_league#17,,240.4,"Based on the information provided in the context, Manchester City won the league title. They secured the title with 91 points by beating West Ham United 3-1 at home on the final day of the season."
Q4,ambiguous,C,3,2023_24_premier_league#5;2023_24_premier_league#17;2024_25_uefa_champions_league#17,,224.0,Manchester City won the league title with 91 points.
Q5,answer not in the documents,A,3,,,48.1,"As of my last update in 2023, the MLS Cup winner for 2025 has not been determined yet, as the tournament takes place annually. To find the correct winner, you should check the latest news or official announcements from Major League Soccer."
Q5,answer not in the documents,B,3,2024_major_league_soccer_season#19;2024_major_league_soccer_season#47;2024_major_league_soccer_season#68,,307.8,"Based on the information provided in the context, the 2024 MLS Cup was won by LA Galaxy. The context mentions ""LA Galaxy lift MLS Cup 2024 over New York Red Bulls"" on December 7, 2024. However, the question asks about the 2025 MLS Cup, which is not mentioned in the given context. Therefore, I cannot provide information about the winner of the 2025 MLS Cup based on the provided context."
Q5,answer not in the documents,C,3,2024_major_league_soccer_season#19;2024_major_league_soccer_season#47;2024_major_league_soccer_season#68,,213.4,I cannot answer this question from the provided documents
Q6,unrelated,A,3,,,12.2,The capital of Australia is Canberra.
Q6,unrelated,B,3,2024_25_uefa_champions_league#3;2024_major_league_soccer_season#23;2024_25_uefa_champions_league#4,,234.1,The capital of Australia is Canberra.
Q6,unrelated,C,3,,2024_25_uefa_champions_league#3:irrelevant;2024_major_league_soccer_season#23:irrelevant;2024_25_uefa_champions_league#4:irrelevant,0.0,I cannot answer this question from the provided documents. (No chunk passed the relevance filter.)
